subject,sessionIndex,rep,H.period,DD.period.t,UD.period.t,H.t,DD.t.i,UD.t.i,H.i,DD.i.e,UD.i.e,H.e,DD.e.five,UD.e.five,H.five,DD.five.Shift.r,UD.five.Shift.r,H.Shift.r,DD.Shift.r.o,UD.Shift.r.o,H.o,DD.o.a,UD.o.a,H.a,DD.a.n,UD.a.n,H.n,DD.n.l,UD.n.l,H.l,DD.l.Return,UD.l.Return,H.Return
100,1,1,0.1146,0.4761,-0.1294,0.1294,0.112,-0.1072,0.1072,0.1809,-0.1254,0.1254,0.6217,-0.1337,0.1337,1.191,-0.1341,0.1341,1.15,-0.1377,0.1377,0.6458,-0.1194,0.1194,0.1296,-0.1153,0.1153,0.2298,-0.126,0.126,0.4497,-0.1129,0.1129
100,1,2,0.1183,0.9845,-0.1405,0.1405,0.1345,-0.1071,0.1071,0.1644,-0.1437,0.1437,0.3702,-0.1578,0.1578,0.57,-0.1879,0.1879,0.6817,-0.1162,0.1162,0.182,-0.1471,0.1471,0.1649,-0.0797,0.0797,0.7189,-0.1161,0.1161,0.3485,-0.1475,0.1475
100,1,3,0.0736,0.4167,-0.1496,0.1496,0.1657,-0.1378,0.1378,0.1754,-0.1737,0.1737,0.342,-0.1643,0.1643,-3.0271,-3.6839,3.6839,0.4396,-0.1435,0.1435,1.2271,-0.1585,0.1585,0.175,-0.1294,0.1294,0.2796,-0.1342,0.1342,0.3355,-0.1847,0.1847
100,1,4,0.1203,0.1888,-0.1599,0.1599,0.1848,-0.1206,0.1206,0.1337,-0.1672,0.1672,0.2963,-0.1722,0.1722,0.4939,-0.1836,0.1836,0.4393,-0.1269,0.1269,0.1895,-0.1385,0.1385,0.1748,-0.1272,0.1272,0.3179,-0.1285,0.1285,0.3894,-0.1778,0.1778
100,2,1,0.1245,0.1881,-0.1506,0.1506,0.2254,-0.1165,0.1165,0.2852,-0.1584,0.1584,0.2582,-0.1667,0.1667,-3.716,-4.4344,4.4344,1.1025,-0.1314,0.1314,0.1796,-0.1475,0.1475,0.124,-0.1236,0.1236,0.2677,-0.1155,0.1155,0.2747,-0.1623,0.1623
100,2,2,0.1172,0.2256,-0.1585,0.1585,0.224,-0.1522,0.1522,0.1793,-0.1572,0.1572,0.249,-0.1421,0.1421,-3.4035,-4.0807,4.0807,0.5993,-0.1246,0.1246,0.2156,-0.1513,0.1513,0.1612,-0.1222,0.1222,0.2707,-0.1255,0.1255,0.2842,-0.1777,0.1777
100,2,3,0.1496,0.3673,-0.1399,0.1399,0.1668,-0.1372,0.1372,0.1536,-0.148,0.148,0.2387,-0.1632,0.1632,0.5117,-0.1948,0.1948,0.4923,-0.1247,0.1247,0.1985,-0.1499,0.1499,0.1335,-0.1325,0.1325,0.2483,-0.1292,0.1292,0.2806,-0.1927,0.1927
100,2,4,0.1263,0.3424,-0.1456,0.1456,0.1279,-0.1336,0.1336,0.1837,-0.1669,0.1669,0.3239,-0.1569,0.1569,0.7536,-0.1567,0.1567,0.5181,-0.1311,0.1311,0.2231,-0.1529,0.1529,0.1427,-0.1432,0.1432,0.3105,-0.1259,0.1259,0.2702,-0.1571,0.1571
100,2,5,0.1285,0.4374,-0.1612,0.1612,0.1612,-0.1255,0.1255,0.1658,-0.1656,0.1656,0.9258,-0.1495,0.1495,0.4784,-0.1856,0.1856,0.4165,-0.1254,0.1254,0.2335,-0.1356,0.1356,0.1605,-0.1337,0.1337,0.2584,-0.1343,0.1343,0.2946,-0.214,0.214
100,2,6,0.1461,0.5721,-0.1557,0.1557,0.1454,-0.1384,0.1384,0.1724,-0.174,0.174,0.2889,-0.1501,0.1501,0.803,-0.1829,0.1829,0.9222,-0.1333,0.1333,0.1828,-0.1565,0.1565,0.1644,-0.116,0.116,0.2271,-0.142,0.142,0.3159,-0.1885,0.1885
100,2,7,0.1339,0.5895,-0.1496,0.1496,0.218,-0.1311,0.1311,0.1597,-0.169,0.169,0.2647,-0.1695,0.1695,0.9589,-0.1569,0.1569,0.4077,-0.1316,0.1316,0.1899,-0.1717,0.1717,0.1663,-0.1335,0.1335,0.3013,-0.1261,0.1261,0.3329,-0.2003,0.2003
100,2,8,0.1225,0.2729,-0.1593,0.1593,0.2336,-0.1568,0.1568,0.1487,-0.1678,0.1678,0.3329,-0.0825,0.0825,0.7061,-0.1649,0.1649,0.5257,-0.1251,0.1251,0.1753,-0.1484,0.1484,0.1923,-0.1208,0.1208,0.2713,-0.1347,0.1347,0.2841,-0.1797,0.1797
100,2,9,0.1526,0.6706,-0.1577,0.1577,0.3526,-0.1497,0.1497,0.1559,-0.1802,0.1802,0.5741,-0.1637,0.1637,0.5363,-0.1799,0.1799,0.4122,-0.0738,0.0738,0.569,-0.149,0.149,0.1231,-0.1172,0.1172,0.2553,-0.1339,0.1339,0.3335,-0.0921,0.0921
100,2,10,0.1232,0.2811,-0.1618,0.1618,0.1702,-0.1089,0.1089,0.1233,-0.1657,0.1657,0.2655,-0.1591,0.1591,0.5649,-0.1689,0.1689,0.7262,-0.1233,0.1233,0.1401,-0.1424,0.1424,0.1495,-0.1329,0.1329,0.2495,-0.1301,0.1301,0.3375,-0.1692,0.1692
100,2,11,0.1027,0.2044,-0.154,0.154,0.1742,-0.1343,0.1343,0.1434,-0.1484,0.1484,0.2814,-0.1678,0.1678,-6.6435,-7.4259,7.4259,0.733,-0.1274,0.1274,0.2001,-0.1518,0.1518,0.1406,-0.1162,0.1162,0.2338,-0.117,0.117,0.3313,-0.1685,0.1685
100,2,12,0.1172,0.3417,-0.1288,0.1288,0.1213,-0.1247,0.1247,0.156,-0.1532,0.1532,0.2875,-0.1424,0.1424,0.4691,-0.1854,0.1854,0.4359,0.0,0.0,0.0584,-0.1421,0.1421,0.1586,-0.1357,0.1357,0.2686,-0.1277,0.1277,0.3406,-0.1687,0.1687
100,2,13,0.1167,0.3259,-0.1528,0.1528,0.1729,-0.1317,0.1317,0.2166,-0.1708,0.1708,0.252,-0.14,0.14,0.4784,-0.1794,0.1794,-7.4406,-7.9502,7.9502,7.9836,-0.1568,0.1568,0.101,-0.1229,0.1229,0.2413,-0.1043,0.1043,0.386,-0.1668,0.1668
100,2,14,0.106,0.1712,-0.1591,0.1591,0.2105,-0.1123,0.1123,0.1281,-0.1555,0.1555,0.2731,-0.1848,0.1848,0.6089,-0.1858,0.1858,0.3841,-0.1345,0.1345,0.19,-0.1594,0.1594,0.1169,-0.1177,0.1177,0.2087,-0.119,0.119,0.7564,-0.1499,0.1499
100,2,15,0.1557,1.1333,-0.157,0.157,0.1465,-0.1245,0.1245,0.6811,-0.1721,0.1721,0.3714,-0.11,0.11,0.6575,-0.1797,0.1797,0.3982,-0.144,0.144,0.2281,-0.1661,0.1661,0.1487,-0.1237,0.1237,0.7603,-0.1066,0.1066,0.2568,-0.1509,0.1509
100,2,16,0.1366,0.5275,-0.1486,0.1486,0.1598,-0.1225,0.1225,0.1631,-0.1576,0.1576,0.3316,-0.1501,0.1501,0.5073,-0.1808,0.1808,0.4846,0.0,0.0,0.0664,-0.1648,0.1648,0.1575,-0.1336,0.1336,0.2667,-0.146,0.146,0.3337,-0.162,0.162
100,2,17,0.155,0.3996,-0.1536,0.1536,0.1449,-0.1226,0.1226,0.179,-0.1666,0.1666,0.2941,-0.1793,0.1793,0.5621,-0.1748,0.1748,-2.7603,-3.2726,3.2726,3.4921,-0.1724,0.1724,0.1669,-0.1224,0.1224,0.2274,-0.125,0.125,0.3589,-0.1516,0.1516
100,2,18,0.1262,0.1927,-0.1436,0.1436,0.1779,-0.1084,0.1084,0.1292,-0.1502,0.1502,0.3242,-0.1529,0.1529,0.5333,-0.2299,0.2299,0.5055,-0.1337,0.1337,0.227,-0.1617,0.1617,0.1263,-0.1267,0.1267,0.2304,-0.1324,0.1324,0.4648,-0.1749,0.1749
100,2,19,0.1129,0.4722,-0.1436,0.1436,0.2121,-0.1099,0.1099,0.1596,-0.1458,0.1458,0.5238,-0.1349,0.1349,0.5031,-0.1579,0.1579,0.6602,-0.1285,0.1285,0.2093,-0.1386,0.1386,0.1472,-0.1257,0.1257,0.2455,-0.1176,0.1176,0.3283,-0.1584,0.1584
100,2,20,0.0976,0.2278,-0.1416,0.1416,0.1669,-0.1165,0.1165,0.199,-0.1232,0.1232,0.442,-0.1426,0.1426,0.5306,-0.1609,0.1609,0.4454,-0.1216,0.1216,0.1426,-0.148,0.148,0.148,-0.1246,0.1246,0.2486,-0.1251,0.1251,0.3537,-0.1533,0.1533
100,2,21,0.1433,0.4539,-0.1511,0.1511,1.125,-0.1079,0.1079,0.1641,-0.1239,0.1239,0.5193,-0.1585,0.1585,0.661,-0.1637,0.1637,0.4854,-0.1175,0.1175,0.1911,-0.128,0.128,0.1062,-0.1213,0.1213,0.2369,-0.1355,0.1355,0.3048,-0.1754,0.1754
100,2,22,0.1254,0.3119,-0.1224,0.1224,0.1495,-0.1326,0.1326,0.2122,-0.149,0.149,0.3231,-0.1556,0.1556,0.5125,-0.1697,0.1697,0.4521,-0.1152,0.1152,0.157,-0.1524,0.1524,0.1362,-0.1179,0.1179,0.2348,-0.1168,0.1168,0.3004,-0.18,0.18
100,2,23,0.1657,0.7499,-0.1544,0.1544,0.1117,-0.1393,0.1393,0.2224,-0.1593,0.1593,0.3687,-0.17,0.17,-4.0642,-4.8238,4.8238,-4.1331,-4.7198,4.7198,4.785,-0.169,0.169,0.1601,-0.1493,0.1493,0.3068,-0.1436,0.1436,0.5679,-0.1837,0.1837
100,2,24,0.1526,0.7687,-0.1646,0.1646,0.1479,-0.1267,0.1267,0.1939,-0.1492,0.1492,0.3936,-0.185,0.185,0.6344,-0.2057,0.2057,1.0868,-0.1419,0.1419,0.1989,-0.1579,0.1579,0.1579,-0.1346,0.1346,0.2514,-0.1336,0.1336,0.3506,-0.1839,0.1839
100,2,25,0.1582,0.4783,-0.1548,0.1548,0.1543,-0.1335,0.1335,0.1878,-0.1582,0.1582,0.6243,-0.1761,0.1761,-6.7028,-7.4858,7.4858,0.5954,-0.1249,0.1249,0.5486,-0.1663,0.1663,0.1093,-0.1394,0.1394,0.239,-0.1456,0.1456,0.5148,-0.1716,0.1716
100,2,26,0.1751,0.391,-0.133,0.133,0.1513,-0.1087,0.1087,0.1646,-0.1502,0.1502,0.3073,-0.1271,0.1271,0.4619,-0.1604,0.1604,0.4608,0.0,0.0,2.785,-0.1538,0.1538,0.1115,-0.1147,0.1147,0.2215,-0.1181,0.1181,0.3738,-0.168,0.168
100,2,27,0.1104,0.3089,-0.1514,0.1514,0.1926,-0.1136,0.1136,0.1949,-0.1802,0.1802,0.2977,-0.15,0.15,0.609,-0.1666,0.1666,-5.7882,-6.4011,6.4011,8.1013,-0.1514,0.1514,0.1444,-0.1208,0.1208,0.216,-0.1106,0.1106,0.3453,-0.1628,0.1628
100,2,28,0.1247,0.9774,-0.1936,0.1936,0.1946,-0.0556,0.0556,0.196,-0.1488,0.1488,0.2783,-0.1324,0.1324,0.4973,-0.1627,0.1627,0.4175,-0.1254,0.1254,0.1573,-0.1503,0.1503,0.1878,-0.1416,0.1416,0.348,-0.1092,0.1092,0.3945,-0.178,0.178
100,2,29,0.1075,0.3434,-0.1325,0.1325,0.15,-0.1066,0.1066,0.154,-0.1648,0.1648,0.3929,-0.1529,0.1529,0.6713,-0.173,0.173,0.5008,-0.1261,0.1261,0.1894,-0.1419,0.1419,0.1672,-0.1246,0.1246,0.2926,-0.0914,0.0914,0.4243,-0.1628,0.1628
100,2,30,0.1001,0.2473,-0.1571,0.1571,0.1881,-0.1021,0.1021,0.1349,-0.1615,0.1615,0.2717,-0.1409,0.1409,0.4956,-0.1727,0.1727,0.4124,-0.1188,0.1188,0.1378,-0.1594,0.1594,0.1764,-0.1071,0.1071,0.2322,-0.1183,0.1183,0.3534,-0.1606,0.1606
100,2,31,0.099,0.1648,-0.1652,0.1652,0.1909,-0.1232,0.1232,0.1565,-0.1579,0.1579,0.332,-0.1435,0.1435,0.4477,-0.1685,0.1685,0.4638,0.0,0.0,0.037,-0.1575,0.1575,0.1153,-0.0998,0.0998,0.2209,-0.0996,0.0996,0.3433,-0.1615,0.1615
100,2,32,0.0983,0.2207,-0.1405,0.1405,0.1405,-0.1052,0.1052,0.1301,-0.1601,0.1601,0.4099,-0.1415,0.1415,0.7278,-0.1599,0.1599,-17.5739,-18.4809,18.4809,18.5713,-0.1291,0.1291,0.116,-0.1217,0.1217,0.2266,-0.1124,0.1124,0.3071,-0.1603,0.1603
100,2,33,0.0977,0.1891,-0.1398,0.1398,0.2059,-0.1068,0.1068,0.1235,-0.148,0.148,0.2793,-0.167,0.167,0.5113,-0.1843,0.1843,0.4628,0.0,0.0,0.0227,-0.167,0.167,0.136,-0.1129,0.1129,0.2132,-0.1071,0.1071,0.499,-0.1743,0.1743
100,2,34,0.1162,0.2307,-0.1407,0.1407,0.1576,-0.1133,0.1133,0.1387,-0.1465,0.1465,0.2675,-0.1309,0.1309,0.4943,-0.1486,0.1486,-2.8874,-3.3396,3.3396,3.4051,-0.1517,0.1517,0.1336,-0.1111,0.1111,0.242,-0.1051,0.1051,0.4014,-0.1687,0.1687
100,2,35,0.1306,1.4017,-0.1538,0.1538,0.1371,-0.1532,0.1532,0.1944,-0.1496,0.1496,0.409,-0.152,0.152,-3.5158,-4.1992,4.1992,0.3796,-0.1157,0.1157,0.3908,-0.138,0.138,0.1281,-0.118,0.118,0.226,-0.099,0.099,0.3609,-0.1677,0.1677
100,2,36,0.1174,0.9042,-0.1363,0.1363,0.1825,-0.11,0.11,0.1522,-0.167,0.167,0.2985,-0.1561,0.1561,-3.8764,-4.6202,4.6202,0.4053,-0.1182,0.1182,0.1507,-0.1684,0.1684,0.1521,-0.1082,0.1082,0.3109,-0.1126,0.1126,0.3171,-0.1693,0.1693
100,2,37,0.1101,0.2768,-0.1507,0.1507,0.1677,-0.134,0.134,0.1652,-0.1509,0.1509,0.2914,-0.1407,0.1407,0.4595,-0.1755,0.1755,0.4452,0.0,0.0,0.0426,-0.153,0.153,0.1283,-0.1215,0.1215,0.4777,-0.1433,0.1433,0.5219,-0.1301,0.1301
100,2,38,0.1119,0.2925,-0.1484,0.1484,0.1414,-0.1083,0.1083,0.1659,-0.1449,0.1449,0.2874,-0.1417,0.1417,-2.9561,-3.5675,3.5675,0.3352,-0.117,0.117,0.1412,-0.1583,0.1583,0.1419,-0.1071,0.1071,0.2255,-0.1215,0.1215,0.3546,-0.1585,0.1585
100,2,39,0.0975,0.1713,-0.1568,0.1568,0.1405,-0.1199,0.1199,0.1915,-0.1438,0.1438,0.4581,-0.143,0.143,0.4548,-0.1986,0.1986,0.4669,0.0,0.0,0.0497,-0.1607,0.1607,0.1178,-0.1176,0.1176,0.225,-0.1175,0.1175,0.3549,-0.1441,0.1441
100,2,40,0.1066,0.2229,-0.1584,0.1584,0.1495,-0.1242,0.1242,0.1987,-0.1667,0.1667,0.2849,-0.1358,0.1358,-2.8859,-3.463,3.463,0.3445,-0.1017,0.1017,0.1326,-0.1448,0.1448,0.1145,-0.0949,0.0949,0.2162,-0.0996,0.0996,0.3395,-0.156,0.156
100,2,41,0.1121,0.2978,-0.134,0.134,0.1508,-0.1182,0.1182,0.2533,-0.1473,0.1473,0.3363,-0.1257,0.1257,-3.0079,-3.5881,3.5881,-2.9729,-3.4092,3.4092,3.4359,-0.1573,0.1573,0.1078,-0.12,0.12,0.2138,-0.1059,0.1059,0.3745,-0.1585,0.1585
100,2,42,0.1247,0.3603,-0.1442,0.1442,0.1543,-0.1475,0.1475,0.1963,-0.1464,0.1464,0.2853,-0.1324,0.1324,-2.8617,-3.4834,3.4834,0.4935,0.0,0.0,0.0342,-0.1672,0.1672,0.1916,-0.1611,0.1611,0.459,-0.139,0.139,0.3313,-0.1618,0.1618
100,2,43,0.0989,0.2379,-0.1408,0.1408,0.1821,-0.1203,0.1203,0.1435,-0.1639,0.1639,0.2684,-0.1364,0.1364,-11.3984,-12.0079,12.0079,0.4755,0.0,0.0,0.086,-0.1741,0.1741,0.3079,-0.1331,0.1331,0.3105,-0.1063,0.1063,0.3139,-0.1665,0.1665
100,2,44,0.1162,0.2317,-0.1581,0.1581,0.149,-0.1412,0.1412,0.1907,-0.1592,0.1592,0.2848,-0.1355,0.1355,-17.2991,-17.9204,17.9204,0.4583,0.0,0.0,0.1071,-0.1699,0.1699,0.213,-0.1272,0.1272,0.2505,-0.1175,0.1175,0.4782,-0.1682,0.1682
100,2,45,0.1176,0.2496,-0.1475,0.1475,0.1609,-0.1075,0.1075,0.3769,-0.145,0.145,0.3546,-0.1563,0.1563,-3.9368,-4.6543,4.6543,0.5107,0.0,0.0,1.748,-0.1501,0.1501,0.1677,-0.1072,0.1072,0.216,-0.1079,0.1079,0.3833,-0.1707,0.1707
100,2,46,0.1184,0.1941,-0.1726,0.1726,0.2076,-0.1296,0.1296,0.2127,-0.1423,0.1423,3.8581,-0.1418,0.1418,0.5077,-0.1668,0.1668,0.46,0.0,0.0,0.0575,-0.1618,0.1618,0.1532,-0.1167,0.1167,0.428,-0.1285,0.1285,0.3454,-0.1632,0.1632
100,2,47,0.1078,0.1661,-0.1679,0.1679,0.1679,-0.1074,0.1074,0.1507,-0.1566,0.1566,0.2892,-0.1675,0.1675,0.6484,-0.1837,0.1837,-3.1085,-3.767,3.767,3.808,-0.1672,0.1672,0.1438,-0.1135,0.1135,0.2456,-0.1167,0.1167,0.7137,-0.1268,0.1268
100,2,48,0.1082,0.4027,-0.1635,0.1635,0.1545,-0.1347,0.1347,0.1813,-0.1339,0.1339,0.4092,-0.1507,0.1507,-4.1469,-4.8803,4.8803,0.4567,-0.1235,0.1235,0.1904,-0.1421,0.1421,0.1105,-0.1208,0.1208,0.2435,-0.1133,0.1133,0.4915,-0.135,0.135
100,2,49,0.1073,0.3492,-0.153,0.153,0.1439,-0.1164,0.1164,0.174,-0.1457,0.1457,0.2544,-0.152,0.152,-3.5951,-4.2559,4.2559,0.4239,0.0,0.0,0.0496,-0.1536,0.1536,0.0956,-0.1159,0.1159,0.2835,-0.1067,0.1067,0.605,-0.1518,0.1518
100,2,50,0.1158,1.4805,-0.1588,0.1588,0.1443,-0.1254,0.1254,0.1571,-0.1603,0.1603,0.4757,-0.169,0.169,1.41,-0.1413,0.1413,-5.2055,-6.5847,6.5847,6.624,-0.1474,0.1474,0.1487,-0.115,0.115,0.4665,-0.1018,0.1018,0.5385,-0.1185,0.1185
100,3,1,0.1114,0.3292,-0.1326,0.1326,0.1591,-0.0927,0.0927,0.1166,-0.1495,0.1495,0.2879,-0.1229,0.1229,0.4294,-0.1674,0.1674,0.356,-0.1178,0.1178,0.494,-0.1274,0.1274,0.1407,-0.1051,0.1051,0.2177,-0.1341,0.1341,-3.9103,-4.4716,4.4716
100,3,2,0.112,0.2583,-0.1437,0.1437,0.1928,-0.0954,0.0954,0.1398,-0.1512,0.1512,0.2818,-0.125,0.125,0.5347,-0.1759,0.1759,0.4141,-0.1243,0.1243,0.2013,-0.1528,0.1528,0.1785,-0.0907,0.0907,0.2154,-0.097,0.097,0.3686,-0.129,0.129
100,3,3,0.1122,0.2341,-0.1322,0.1322,0.1873,-0.1112,0.1112,0.1285,-0.143,0.143,0.2746,-0.1272,0.1272,0.4558,-0.1593,0.1593,0.4109,-0.1037,0.1037,0.1658,-0.1468,0.1468,0.1789,-0.1044,0.1044,0.2051,-0.0907,0.0907,0.2994,-0.1208,0.1208
100,3,4,0.0981,0.21,-0.1441,0.1441,0.2556,-0.0978,0.0978,0.131,-0.1432,0.1432,0.2634,-0.1274,0.1274,0.4118,-0.1677,0.1677,0.3536,-0.0972,0.0972,0.1658,-0.1355,0.1355,0.1628,-0.1054,0.1054,0.2406,-0.0935,0.0935,0.2918,-0.1029,0.1029
100,3,5,0.1121,0.2167,-0.1469,0.1469,0.2222,-0.1054,0.1054,0.1313,-0.1393,0.1393,0.2789,-0.1136,0.1136,0.3701,-0.1531,0.1531,0.3315,-0.1003,0.1003,0.1517,-0.1195,0.1195,0.1354,-0.1129,0.1129,0.2299,-0.0888,0.0888,0.2629,-0.0968,0.0968
100,3,6,0.0975,0.2225,-0.1392,0.1392,0.2333,-0.1002,0.1002,0.1626,-0.1537,0.1537,0.3083,-0.1118,0.1118,0.6222,-0.1593,0.1593,0.6674,-0.128,0.128,0.1805,-0.1385,0.1385,0.1705,-0.0875,0.0875,0.2419,-0.1039,0.1039,0.4181,-0.1131,0.1131
100,3,7,0.105,0.2295,-0.1386,0.1386,0.2152,-0.0904,0.0904,0.1319,-0.1588,0.1588,0.2798,-0.1116,0.1116,0.4154,-0.1575,0.1575,0.3646,-0.1113,0.1113,0.151,-0.1377,0.1377,0.1622,-0.0928,0.0928,0.2206,-0.1107,0.1107,0.2982,-0.1396,0.1396
100,3,8,0.1051,0.2371,-0.1246,0.1246,0.1941,-0.1041,0.1041,0.1194,-0.1308,0.1308,0.2424,-0.1366,0.1366,0.3956,-0.1689,0.1689,0.3981,0.0,0.0,0.0194,-0.1423,0.1423,0.1423,-0.0903,0.0903,0.2102,-0.099,0.099,0.2838,-0.1104,0.1104
100,3,9,0.1044,0.209,-0.132,0.132,0.2103,-0.0963,0.0963,0.1232,-0.1411,0.1411,0.2752,-0.1289,0.1289,0.4749,-0.1702,0.1702,-3.0154,-3.4397,3.4397,3.4467,-0.1332,0.1332,0.1501,-0.0932,0.0932,0.2088,-0.0962,0.0962,0.4629,-0.0976,0.0976
100,3,10,0.0963,0.4997,-0.1374,0.1374,0.1374,-0.098,0.098,0.1399,-0.1362,0.1362,0.2979,-0.1278,0.1278,-3.018,-3.5746,3.5746,-3.0421,-3.4536,3.4536,3.5118,-0.1434,0.1434,0.8301,-0.1488,0.1488,0.3206,-0.1114,0.1114,0.2792,-0.1191,0.1191
100,3,11,0.1101,0.2025,-0.1363,0.1363,0.1918,-0.1043,0.1043,0.1462,-0.1481,0.1481,0.279,-0.1119,0.1119,0.4248,-0.1458,0.1458,0.353,-0.1034,0.1034,0.1434,-0.136,0.136,0.1899,-0.1124,0.1124,0.2227,-0.1047,0.1047,0.4633,-0.0967,0.0967
100,3,12,0.1098,0.2208,-0.1336,0.1336,0.2082,-0.0971,0.0971,0.1318,-0.1536,0.1536,0.296,-0.1276,0.1276,0.4406,-0.1384,0.1384,0.3281,-0.1094,0.1094,0.118,-0.1242,0.1242,0.1626,-0.0924,0.0924,0.2252,-0.0976,0.0976,0.315,-0.1004,0.1004
100,3,13,0.097,0.2566,-0.1254,0.1254,0.2021,-0.0977,0.0977,0.1267,-0.1397,0.1397,0.2601,-0.1283,0.1283,0.4474,-0.1758,0.1758,0.4445,0.0,0.0,0.0,-0.1271,0.1271,0.143,-0.0953,0.0953,0.2314,-0.1038,0.1038,0.2638,-0.0882,0.0882
100,3,14,0.0951,0.3121,-0.1322,0.1322,0.1711,-0.1027,0.1027,0.1678,-0.1518,0.1518,0.271,-0.1279,0.1279,-6.1508,-7.3569,7.3569,1.0478,-0.1276,0.1276,0.1672,-0.1482,0.1482,0.1421,-0.111,0.111,0.2431,-0.1141,0.1141,0.3428,-0.1239,0.1239
100,3,15,0.1119,0.2145,-0.1513,0.1513,0.234,-0.0867,0.0867,0.1183,-0.1376,0.1376,0.2418,-0.1436,0.1436,-8.5816,-9.2301,9.2301,0.418,-0.127,0.127,0.1913,-0.152,0.152,0.152,-0.1084,0.1084,0.197,-0.1117,0.1117,0.3209,-0.1279,0.1279
100,3,16,0.1025,0.1989,-0.1458,0.1458,0.2017,-0.1038,0.1038,0.1456,-0.1459,0.1459,0.2357,-0.1384,0.1384,0.4383,-0.1515,0.1515,0.4231,-0.1183,0.1183,0.1275,-0.149,0.149,0.1701,-0.0967,0.0967,0.1906,-0.1122,0.1122,0.2639,-0.1092,0.1092
100,3,17,0.1107,0.2226,-0.1457,0.1457,0.1803,-0.1139,0.1139,0.1184,-0.1379,0.1379,0.2712,-0.1323,0.1323,0.4775,-0.1929,0.1929,0.4843,-0.1135,0.1135,0.1135,-0.1424,0.1424,0.1424,-0.102,0.102,0.2064,-0.1112,0.1112,0.2421,-0.1363,0.1363
100,3,18,0.1141,0.2062,-0.1587,0.1587,0.1874,-0.0902,0.0902,0.1634,-0.1523,0.1523,0.2577,-0.1322,0.1322,-2.4703,-3.1223,3.1223,0.6482,-0.1208,0.1208,0.1567,-0.1265,0.1265,0.1094,-0.1138,0.1138,0.2109,-0.1047,0.1047,0.2403,-0.1273,0.1273
100,3,19,0.1113,0.2216,-0.1318,0.1318,0.1803,-0.1113,0.1113,0.1179,-0.139,0.139,0.2504,-0.1232,0.1232,0.4387,-0.1676,0.1676,0.3559,-0.1281,0.1281,0.1639,-0.1459,0.1459,0.1429,-0.1049,0.1049,0.2046,-0.1306,0.1306,0.2166,-0.1411,0.1411
100,3,20,0.1032,0.212,-0.1436,0.1436,0.1698,-0.1077,0.1077,0.139,-0.1535,0.1535,0.2404,-0.1517,0.1517,-2.4758,-3.0747,3.0747,-2.4518,-2.9574,2.9574,3.0223,-0.1596,0.1596,0.128,-0.1243,0.1243,0.2531,-0.1271,0.1271,0.2487,-0.123,0.123
100,3,21,0.1314,0.2147,-0.1452,0.1452,0.2307,-0.1112,0.1112,0.138,-0.1523,0.1523,0.2593,-0.1337,0.1337,0.4364,-0.1599,0.1599,0.3918,-0.1388,0.1388,0.169,-0.1528,0.1528,0.1305,-0.1461,0.1461,0.2386,-0.1658,0.1658,0.441,-0.1188,0.1188
100,3,22,0.1402,0.202,-0.1667,0.1667,0.2563,-0.0839,0.0839,0.1189,-0.1597,0.1597,0.2643,-0.1328,0.1328,0.4151,-0.1819,0.1819,0.4435,0.0,0.0,0.0582,-0.1505,0.1505,0.098,-0.1321,0.1321,0.3526,-0.1443,0.1443,0.2741,-0.1377,0.1377
100,3,23,0.1275,0.205,-0.1595,0.1595,0.1912,-0.0971,0.0971,0.1775,-0.1593,0.1593,0.2529,-0.1397,0.1397,-2.5767,-3.2301,3.2301,0.4258,-0.1308,0.1308,0.1741,-0.1447,0.1447,0.1384,-0.1284,0.1284,0.3121,-0.1274,0.1274,0.2479,-0.1347,0.1347
100,3,24,0.1273,0.2695,-0.1529,0.1529,0.2016,-0.1107,0.1107,0.1248,-0.1459,0.1459,0.2431,-0.1473,0.1473,0.4343,-0.1828,0.1828,0.4649,0.0,0.0,0.0511,-0.153,0.153,0.1505,-0.1281,0.1281,0.2229,-0.1251,0.1251,0.2693,-0.1443,0.1443
100,3,25,0.1164,0.3392,-0.1458,0.1458,0.162,-0.1093,0.1093,0.1394,-0.1504,0.1504,0.2608,-0.1623,0.1623,0.4426,-0.1918,0.1918,-2.6303,-3.1372,3.1372,3.1713,-0.1376,0.1376,0.1124,-0.164,0.164,0.2467,-0.1403,0.1403,0.3211,-0.103,0.103
100,3,26,0.1441,1.2862,-0.1308,0.1308,0.1951,-0.0942,0.0942,0.1054,-0.1286,0.1286,0.4975,-0.1444,0.1444,0.6671,-0.1919,0.1919,0.6864,-0.1583,0.1583,0.207,-0.1191,0.1191,0.1283,-0.1302,0.1302,0.2087,-0.1237,0.1237,0.2846,-0.1447,0.1447
100,3,27,0.1107,0.2014,-0.1528,0.1528,0.1887,-0.1119,0.1119,0.1238,-0.1542,0.1542,0.2707,-0.1384,0.1384,0.4271,-0.1746,0.1746,0.3892,-0.126,0.126,0.148,-0.1516,0.1516,0.1358,-0.1179,0.1179,0.2221,-0.1829,0.1829,0.3034,-0.1366,0.1366
100,3,28,0.1213,0.1909,-0.1529,0.1529,0.1907,-0.0937,0.0937,0.1168,-0.1294,0.1294,0.2478,-0.1325,0.1325,0.4578,-0.1677,0.1677,0.3522,-0.1067,0.1067,0.1395,-0.1461,0.1461,0.1364,-0.1146,0.1146,0.1906,-0.1437,0.1437,0.2644,-0.1291,0.1291
100,3,29,0.1198,0.1754,-0.1531,0.1531,0.2041,-0.1035,0.1035,0.1209,-0.1368,0.1368,0.249,-0.1328,0.1328,0.4406,-0.1627,0.1627,0.4441,0.0,0.0,0.2608,-0.1269,0.1269,0.095,-0.1171,0.1171,0.2028,-0.1294,0.1294,0.2404,-0.1366,0.1366
100,3,30,0.111,0.1596,-0.1601,0.1601,0.2815,-0.1119,0.1119,0.1646,-0.1429,0.1429,0.282,-0.1195,0.1195,0.6372,-0.1724,0.1724,0.6494,-0.1121,0.1121,0.1361,-0.1288,0.1288,0.1493,-0.124,0.124,0.2498,-0.1111,0.1111,0.3084,-0.1373,0.1373
100,3,31,0.0975,0.1876,-0.1527,0.1527,0.2431,-0.1109,0.1109,0.1402,-0.1442,0.1442,0.2585,-0.1258,0.1258,0.4284,-0.2021,0.2021,0.4333,-0.119,0.119,0.1663,-0.1487,0.1487,0.1212,-0.1188,0.1188,0.242,-0.1201,0.1201,0.2767,-0.1055,0.1055
100,3,32,0.1102,0.2086,-0.144,0.144,0.2001,-0.1185,0.1185,0.1323,-0.14,0.14,0.2526,-0.1423,0.1423,0.4438,-0.1931,0.1931,0.4246,-0.1289,0.1289,0.1369,-0.1681,0.1681,0.1526,-0.1378,0.1378,0.2077,-0.136,0.136,0.2826,-0.09,0.09
100,3,33,0.1134,0.2881,-0.1294,0.1294,0.2265,-0.1223,0.1223,0.1417,-0.1341,0.1341,0.2602,-0.1416,0.1416,0.5851,-0.2026,0.2026,0.4939,-0.1315,0.1315,0.1383,-0.1548,0.1548,0.1708,-0.1082,0.1082,0.309,-0.1729,0.1729,0.3151,-0.1417,0.1417
100,3,34,0.1197,0.2094,-0.1248,0.1248,0.1943,-0.1113,0.1113,0.1252,-0.1598,0.1598,0.2848,-0.1277,0.1277,0.668,-0.1593,0.1593,0.6465,-0.135,0.135,0.1766,-0.1421,0.1421,0.1503,-0.1222,0.1222,0.2587,-0.1095,0.1095,0.248,-0.1183,0.1183
100,3,35,0.1046,0.1943,-0.1465,0.1465,0.1876,-0.097,0.097,0.1245,-0.1539,0.1539,0.2862,-0.1328,0.1328,0.4103,-0.1748,0.1748,0.3748,-0.1148,0.1148,0.1642,-0.1506,0.1506,0.119,-0.1037,0.1037,0.1926,-0.1113,0.1113,0.2232,-0.1355,0.1355
100,3,36,0.1068,0.2642,-0.1596,0.1596,0.2164,-0.1045,0.1045,0.1513,-0.1542,0.1542,0.3632,-0.1436,0.1436,0.455,-0.1813,0.1813,0.4643,-0.1515,0.1515,0.1919,-0.1491,0.1491,0.1132,-0.1303,0.1303,0.2351,-0.1113,0.1113,0.2789,-0.1357,0.1357
100,3,37,0.0973,0.2089,-0.1467,0.1467,0.1875,-0.0967,0.0967,0.1273,-0.1576,0.1576,0.2859,-0.1206,0.1206,0.4429,-0.1629,0.1629,0.3942,-0.1059,0.1059,0.1479,-0.1435,0.1435,0.1117,-0.1123,0.1123,0.2175,-0.1277,0.1277,0.2561,-0.1363,0.1363
100,3,38,0.1038,0.1951,-0.1383,0.1383,0.1942,-0.1109,0.1109,0.1731,-0.1522,0.1522,0.2704,-0.1274,0.1274,0.5013,-0.1764,0.1764,0.7826,-0.0973,0.0973,1.0268,-0.1324,0.1324,0.1277,-0.1266,0.1266,0.2967,-0.1261,0.1261,0.2486,-0.1364,0.1364
100,3,39,0.1096,0.1999,-0.1392,0.1392,0.1949,-0.1037,0.1037,0.1266,-0.136,0.136,0.2601,-0.1112,0.1112,0.4172,-0.1498,0.1498,0.3648,-0.1096,0.1096,0.1498,-0.1289,0.1289,0.1289,-0.1133,0.1133,0.1993,-0.0957,0.0957,0.2265,-0.135,0.135
100,3,40,0.1048,0.1814,-0.1457,0.1457,0.4042,-0.0818,0.0818,0.1801,-0.1516,0.1516,0.3058,-0.1117,0.1117,0.4633,-0.1728,0.1728,0.4075,-0.1284,0.1284,0.1565,-0.1166,0.1166,0.1337,-0.0875,0.0875,0.2053,-0.1279,0.1279,0.2614,-0.1333,0.1333
100,3,41,0.0857,0.202,-0.1256,0.1256,0.2556,-0.0836,0.0836,0.2851,-0.1361,0.1361,0.36,-0.1136,0.1136,0.5701,-0.1676,0.1676,0.5321,-0.1271,0.1271,0.1913,-0.1352,0.1352,0.1235,-0.1034,0.1034,0.2242,-0.1117,0.1117,0.2315,-0.148,0.148
100,3,42,0.1099,0.2281,-0.1391,0.1391,0.2224,-0.1036,0.1036,0.1189,-0.1557,0.1557,0.3004,-0.1269,0.1269,0.4468,-0.1884,0.1884,0.4087,-0.1116,0.1116,0.1211,-0.1279,0.1279,0.1519,-0.113,0.113,0.2189,-0.1059,0.1059,0.2379,-0.1448,0.1448
100,3,43,0.1119,0.3215,-0.1115,0.1115,0.1685,-0.097,0.097,0.1311,-0.1307,0.1307,0.2872,-0.1108,0.1108,0.5879,-0.1691,0.1691,1.2067,-0.1155,0.1155,0.1349,-0.1437,0.1437,0.1512,-0.1188,0.1188,0.3083,-0.1235,0.1235,0.3081,-0.1033,0.1033
100,3,44,0.1252,0.2008,-0.1319,0.1319,0.3491,-0.0965,0.0965,0.1401,-0.1446,0.1446,0.2718,-0.1207,0.1207,0.5032,-0.1364,0.1364,0.4487,-0.1059,0.1059,0.1535,-0.1245,0.1245,0.1057,-0.1221,0.1221,0.2215,-0.11,0.11,0.2437,-0.1178,0.1178
100,3,45,0.1174,0.2106,-0.1341,0.1341,0.1811,-0.115,0.115,0.1565,-0.1529,0.1529,0.2757,-0.1274,0.1274,0.4389,-0.183,0.183,0.3593,-0.11,0.11,0.1461,-0.1447,0.1447,0.1188,-0.0956,0.0956,0.2083,-0.1115,0.1115,0.2168,-0.1204,0.1204
100,3,46,0.1027,0.2003,-0.1324,0.1324,0.2079,-0.1053,0.1053,0.1317,-0.1302,0.1302,0.2977,-0.1193,0.1193,0.4478,-0.16,0.16,0.3632,-0.1114,0.1114,0.1795,-0.1266,0.1266,0.0932,-0.1026,0.1026,0.2118,-0.1363,0.1363,0.2491,-0.1502,0.1502
100,3,47,0.1072,0.1989,-0.1455,0.1455,0.2219,-0.104,0.104,0.1256,-0.1474,0.1474,0.2623,-0.1143,0.1143,0.4225,-0.1839,0.1839,0.4848,0.0,0.0,0.0205,-0.1489,0.1489,0.1162,-0.1131,0.1131,0.2106,-0.1031,0.1031,0.237,-0.1136,0.1136
100,3,48,0.1066,0.1812,-0.1281,0.1281,0.2447,-0.0956,0.0956,0.1328,-0.1332,0.1332,0.3272,-0.1208,0.1208,0.4597,-0.155,0.155,-3.6179,-4.0957,4.0957,4.1402,-0.1497,0.1497,0.1434,-0.1039,0.1039,0.2087,-0.1041,0.1041,0.2244,-0.1121,0.1121
100,3,49,0.1039,0.243,-0.1438,0.1438,0.2242,-0.1037,0.1037,0.1213,-0.1485,0.1485,0.2876,-0.1109,0.1109,0.4948,-0.1446,0.1446,0.4299,-0.1043,0.1043,0.2175,-0.1499,0.1499,0.0993,-0.119,0.119,0.2167,-0.0952,0.0952,0.2198,-0.1158,0.1158
100,3,50,0.1246,0.5884,-0.134,0.134,0.1407,-0.0934,0.0934,0.1634,-0.1455,0.1455,0.5676,-0.1294,0.1294,0.4622,-0.1647,0.1647,0.3705,-0.1082,0.1082,0.1244,-0.1441,0.1441,0.1441,-0.102,0.102,0.2056,-0.1029,0.1029,0.2478,-0.122,0.122
100,4,1,0.0989,0.2958,-0.1179,0.1179,0.1361,-0.0919,0.0919,0.1303,-0.1346,0.1346,0.2515,-0.12,0.12,0.4702,-0.1454,0.1454,0.3844,-0.125,0.125,0.1351,-0.1548,0.1548,0.1621,-0.1081,0.1081,0.2056,-0.1024,0.1024,0.2956,-0.1057,0.1057
100,4,2,0.1176,0.2053,-0.1471,0.1471,0.2065,-0.1083,0.1083,0.1181,-0.1356,0.1356,0.2541,-0.126,0.126,0.4861,-0.1745,0.1745,0.5003,-0.1378,0.1378,0.166,-0.1339,0.1339,0.1436,-0.1071,0.1071,0.1904,-0.1101,0.1101,0.2428,-0.127,0.127
100,4,3,0.1271,0.2296,-0.1332,0.1332,0.1961,-0.1041,0.1041,0.1225,-0.1279,0.1279,0.245,-0.1267,0.1267,0.4617,-0.1587,0.1587,0.3795,-0.1273,0.1273,0.1468,-0.1366,0.1366,0.1265,-0.1297,0.1297,0.2317,-0.1198,0.1198,0.2792,-0.129,0.129
100,4,4,0.1097,0.17,-0.1372,0.1372,0.187,-0.1077,0.1077,0.1873,-0.148,0.148,0.2695,-0.1157,0.1157,-3.692,-4.3078,4.3078,0.376,-0.1158,0.1158,0.1479,-0.1278,0.1278,0.1236,-0.1183,0.1183,0.225,-0.113,0.113,0.4449,-0.1202,0.1202
100,4,5,0.1072,0.1622,-0.1598,0.1598,0.2318,-0.1178,0.1178,0.1178,-0.1402,0.1402,0.2604,-0.13,0.13,0.4349,-0.1649,0.1649,0.3965,-0.1137,0.1137,0.1235,-0.1564,0.1564,0.1498,-0.1147,0.1147,0.2001,-0.1001,0.1001,0.28,-0.1126,0.1126
100,4,6,0.1029,0.2179,-0.1362,0.1362,0.1813,-0.0996,0.0996,0.1288,-0.1418,0.1418,0.2611,-0.1296,0.1296,0.44,-0.1501,0.1501,0.3824,-0.1154,0.1154,0.1054,-0.1389,0.1389,0.1646,-0.1119,0.1119,0.2576,-0.1045,0.1045,0.3241,-0.0902,0.0902
100,4,7,0.1049,0.2398,-0.1402,0.1402,0.1535,-0.0967,0.0967,0.1341,-0.1427,0.1427,0.7628,-0.1199,0.1199,0.4713,-0.1522,0.1522,0.3984,-0.1117,0.1117,0.1285,-0.1395,0.1395,0.1353,-0.1066,0.1066,0.2376,-0.1153,0.1153,0.4046,-0.1206,0.1206
100,4,8,0.1107,0.1641,-0.132,0.132,0.2429,-0.107,0.107,0.1262,-0.1294,0.1294,0.2345,-0.1249,0.1249,0.3861,-0.1763,0.1763,0.3245,-0.1138,0.1138,0.1376,-0.1336,0.1336,0.1234,-0.1003,0.1003,0.2003,-0.1121,0.1121,0.2498,-0.11,0.11
100,4,9,0.1043,0.1538,-0.1452,0.1452,0.2565,-0.0961,0.0961,0.1257,-0.1344,0.1344,0.2244,-0.1199,0.1199,0.43,-0.1703,0.1703,0.3598,-0.1105,0.1105,0.137,-0.1383,0.1383,0.1383,-0.1049,0.1049,0.1952,-0.1168,0.1168,0.2528,-0.107,0.107
100,4,10,0.1042,0.1318,-0.1466,0.1466,0.2297,-0.0975,0.0975,0.1081,-0.1327,0.1327,0.2644,-0.1348,0.1348,0.4246,-0.1553,0.1553,0.3483,-0.1165,0.1165,0.1015,-0.13,0.13,0.1615,-0.0944,0.0944,0.1911,-0.1075,0.1075,0.2276,-0.114,0.114
100,4,11,0.1055,0.1458,-0.1449,0.1449,0.2592,-0.1019,0.1019,0.1399,-0.1329,0.1329,0.23,-0.1319,0.1319,0.4201,-0.1397,0.1397,0.3284,-0.1253,0.1253,0.1268,-0.1327,0.1327,0.1485,-0.1024,0.1024,0.194,-0.1101,0.1101,0.24,-0.0951,0.0951
100,4,12,0.1077,0.1757,-0.1419,0.1419,0.1878,-0.1083,0.1083,0.1653,-0.1449,0.1449,0.2745,-0.1368,0.1368,-7.0564,-7.6494,7.6494,0.436,-0.1207,0.1207,0.1299,-0.12,0.12,0.13,-0.1075,0.1075,0.2282,-0.1133,0.1133,0.3417,-0.1157,0.1157
100,4,13,0.1162,0.1698,-0.1532,0.1532,0.1904,-0.1016,0.1016,0.13,-0.1499,0.1499,0.2397,-0.1341,0.1341,0.4118,-0.1681,0.1681,0.4045,-0.1056,0.1056,0.0955,-0.1352,0.1352,0.1798,-0.1022,0.1022,0.1951,-0.1093,0.1093,0.2271,-0.126,0.126
100,4,14,0.0972,0.153,-0.1457,0.1457,0.2431,-0.106,0.106,0.1278,-0.1393,0.1393,0.2435,-0.1249,0.1249,0.441,-0.1638,0.1638,0.3879,-0.1141,0.1141,0.1141,-0.1287,0.1287,0.1611,-0.0973,0.0973,0.2072,-0.1079,0.1079,0.2179,-0.1198,0.1198
100,4,15,0.1034,0.1518,-0.1437,0.1437,0.2466,-0.0964,0.0964,0.1465,-0.14,0.14,0.2448,-0.1247,0.1247,0.3655,-0.1909,0.1909,0.3622,-0.1191,0.1191,0.1191,-0.1249,0.1249,0.1682,-0.1094,0.1094,0.2044,-0.1023,0.1023,0.217,-0.1128,0.1128
100,4,16,0.1081,0.1391,-0.1711,0.1711,0.284,-0.1047,0.1047,0.1282,-0.1368,0.1368,0.2668,-0.1299,0.1299,0.4128,-0.1607,0.1607,0.394,-0.1124,0.1124,0.0925,-0.1341,0.1341,0.1663,-0.1035,0.1035,0.2089,-0.1099,0.1099,0.2244,-0.1104,0.1104
100,4,17,0.1107,0.1885,-0.1516,0.1516,0.28,-0.1005,0.1005,0.1281,-0.142,0.142,0.2717,-0.1303,0.1303,0.4,-0.1784,0.1784,0.3886,-0.1118,0.1118,0.1057,-0.1442,0.1442,0.1658,-0.1002,0.1002,0.2,-0.1148,0.1148,0.2883,-0.1178,0.1178
100,4,18,0.1113,0.1946,-0.1529,0.1529,0.2057,-0.1176,0.1176,0.1413,-0.147,0.147,0.2611,-0.1297,0.1297,0.387,-0.1898,0.1898,0.3803,-0.1179,0.1179,0.0985,-0.1492,0.1492,0.1864,-0.1027,0.1027,0.1967,-0.1162,0.1162,0.2411,-0.1042,0.1042
100,4,19,0.1022,0.3127,-0.1501,0.1501,0.2329,-0.0968,0.0968,0.1709,-0.1351,0.1351,0.2557,-0.1163,0.1163,0.4325,-0.178,0.178,0.4025,-0.1144,0.1144,0.1122,-0.137,0.137,0.1731,-0.1103,0.1103,0.1967,-0.1025,0.1025,0.2481,-0.1077,0.1077
100,4,20,0.1029,0.1869,-0.1231,0.1231,0.2391,-0.1046,0.1046,0.1173,-0.1367,0.1367,0.2569,-0.11,0.11,0.4148,-0.1622,0.1622,0.3938,-0.1129,0.1129,0.0967,-0.1296,0.1296,0.1612,-0.0924,0.0924,0.2015,-0.107,0.107,0.227,-0.1,0.1
100,4,21,0.1004,0.1822,-0.1477,0.1477,0.192,-0.102,0.102,0.1462,-0.1501,0.1501,0.2609,-0.1322,0.1322,-3.1591,-3.8147,3.8147,0.4512,-0.1129,0.1129,0.1129,-0.1284,0.1284,0.1596,-0.1107,0.1107,0.2087,-0.1098,0.1098,0.2538,-0.1052,0.1052
100,4,22,0.1218,0.1897,-0.1438,0.1438,0.1662,-0.1064,0.1064,0.1658,-0.1485,0.1485,0.2334,-0.1257,0.1257,-8.3835,-8.9605,8.9605,0.6976,-0.1099,0.1099,0.1099,-0.133,0.133,0.1403,-0.1199,0.1199,0.9098,-0.107,0.107,0.216,-0.1139,0.1139
100,4,23,0.1122,0.1719,-0.1506,0.1506,0.2035,-0.1149,0.1149,0.135,-0.1535,0.1535,0.2617,-0.1281,0.1281,0.4102,-0.1785,0.1785,0.3806,-0.1312,0.1312,0.124,-0.1351,0.1351,0.1553,-0.1052,0.1052,0.2276,-0.1227,0.1227,0.4007,-0.1236,0.1236
100,4,24,0.1171,0.1866,-0.1612,0.1612,0.2395,-0.1099,0.1099,0.1286,-0.1524,0.1524,0.2726,-0.134,0.134,0.4333,-0.1857,0.1857,0.3852,-0.1229,0.1229,0.1114,-0.1415,0.1415,0.1674,-0.1143,0.1143,0.2293,-0.1048,0.1048,0.3282,-0.1115,0.1115
100,4,25,0.1099,0.2398,-0.13,0.13,0.2226,-0.1116,0.1116,0.1974,-0.1501,0.1501,0.3036,-0.1265,0.1265,0.4064,-0.1797,0.1797,0.385,-0.1206,0.1206,0.11,-0.1418,0.1418,0.1592,-0.1062,0.1062,0.2443,-0.1015,0.1015,0.3686,-0.0983,0.0983
100,4,26,0.1101,0.2202,-0.1502,0.1502,0.2402,-0.1102,0.1102,0.1505,-0.1356,0.1356,0.2581,-0.1167,0.1167,0.4314,-0.1699,0.1699,0.416,-0.1637,0.1637,1.5422,-0.1288,0.1288,0.0798,-0.1055,0.1055,0.2017,-0.1079,0.1079,0.4623,-0.108,0.108
100,4,27,0.1114,0.1967,-0.1297,0.1297,0.2127,-0.1115,0.1115,0.1532,-0.1395,0.1395,0.2537,-0.1201,0.1201,0.4152,-0.155,0.155,0.3596,-0.112,0.112,0.112,-0.1299,0.1299,0.1546,-0.0982,0.0982,0.2255,-0.1101,0.1101,0.2199,-0.1299,0.1299
100,4,28,0.1126,0.1994,-0.1428,0.1428,0.229,-0.0919,0.0919,0.1114,-0.1402,0.1402,0.2504,-0.1259,0.1259,0.3898,-0.1759,0.1759,0.3603,-0.1244,0.1244,0.1137,-0.1207,0.1207,0.1713,-0.1095,0.1095,0.2194,-0.1,0.1,0.2841,-0.1061,0.1061
100,4,29,0.1099,0.1815,-0.1442,0.1442,0.2285,-0.1074,0.1074,0.1445,-0.14,0.14,0.2454,-0.1352,0.1352,0.3903,-0.1703,0.1703,0.3206,-0.1198,0.1198,0.1294,-0.1277,0.1277,0.1624,-0.0959,0.0959,0.2079,-0.1042,0.1042,0.2387,-0.0951,0.0951
100,4,30,0.1018,0.2809,-0.1381,0.1381,0.1793,-0.1066,0.1066,0.1344,-0.1224,0.1224,0.2493,-0.1372,0.1372,-2.8766,-3.4647,3.4647,0.3464,-0.1142,0.1142,0.144,-0.1334,0.1334,0.1177,-0.1069,0.1069,0.2359,-0.1157,0.1157,0.261,-0.1273,0.1273
100,4,31,0.1091,0.2069,-0.1699,0.1699,0.2284,-0.1043,0.1043,0.1183,-0.1388,0.1388,0.2912,-0.1119,0.1119,0.4123,-0.1697,0.1697,0.3779,-0.1131,0.1131,0.1051,-0.1458,0.1458,0.1644,-0.1123,0.1123,0.2255,-0.1048,0.1048,0.2449,-0.1142,0.1142
100,4,32,0.1,0.1901,-0.1491,0.1491,0.2402,-0.1039,0.1039,0.1206,-0.1429,0.1429,0.2754,-0.117,0.117,0.4137,-0.1598,0.1598,0.3901,-0.1096,0.1096,0.1031,-0.1366,0.1366,0.1718,-0.1052,0.1052,0.213,-0.1317,0.1317,0.262,-0.13,0.13
100,4,33,0.11,0.5878,-0.1398,0.1398,0.1534,-0.1016,0.1016,0.122,-0.1443,0.1443,0.2661,-0.1605,0.1605,0.5606,-0.1627,0.1627,0.4078,-0.1119,0.1119,0.172,-0.1401,0.1401,0.0981,-0.1029,0.1029,0.393,-0.119,0.119,0.2836,-0.1376,0.1376
100,4,34,0.1078,0.1961,-0.1441,0.1441,0.1728,-0.1028,0.1028,0.1449,-0.1461,0.1461,0.3086,-0.0934,0.0934,0.7609,-0.1925,0.1925,0.6821,-0.1356,0.1356,0.1519,-0.1281,0.1281,0.108,-0.1189,0.1189,0.2124,-0.108,0.108,0.2203,-0.1276,0.1276
100,4,35,0.1099,0.1998,-0.1402,0.1402,0.19,-0.1103,0.1103,0.1372,-0.1428,0.1428,0.2527,-0.1273,0.1273,-6.0501,-6.7022,6.7022,0.5464,-0.1358,0.1358,0.1588,-0.1345,0.1345,0.1112,-0.113,0.113,0.2116,-0.1064,0.1064,0.2164,-0.1353,0.1353
100,4,36,0.1101,0.2001,-0.15,0.15,0.1712,-0.1249,0.1249,0.1523,-0.1364,0.1364,0.2462,-0.1301,0.1301,0.4299,-0.1884,0.1884,0.4255,-0.1243,0.1243,0.1561,-0.1475,0.1475,0.1113,-0.1136,0.1136,0.2273,-0.1128,0.1128,0.2418,-0.1331,0.1331
100,4,37,0.1104,0.325,-0.1454,0.1454,0.1892,-0.1057,0.1057,0.1285,-0.1473,0.1473,0.2589,-0.1386,0.1386,0.4814,-0.1875,0.1875,0.4347,-0.1123,0.1123,0.1367,-0.1422,0.1422,0.151,-0.0972,0.0972,0.2264,-0.1083,0.1083,0.2382,-0.1101,0.1101
100,4,38,0.1027,0.1726,-0.1435,0.1435,0.1739,-0.0996,0.0996,0.1667,-0.1529,0.1529,0.2632,-0.1257,0.1257,0.4216,-0.1582,0.1582,0.3575,-0.1053,0.1053,0.1126,-0.1175,0.1175,0.1393,-0.0862,0.0862,0.2383,-0.1099,0.1099,0.2498,-0.1499,0.1499
100,4,39,0.1028,0.1862,-0.1344,0.1344,0.1942,-0.1078,0.1078,0.1478,-0.1363,0.1363,0.2439,-0.1132,0.1132,0.4088,-0.1572,0.1572,0.3503,-0.1144,0.1144,0.1062,-0.1365,0.1365,0.1731,-0.1079,0.1079,0.2366,-0.0963,0.0963,0.2425,-0.1181,0.1181
100,4,40,0.1123,0.1942,-0.1376,0.1376,0.1623,-0.1058,0.1058,0.1756,-0.1481,0.1481,0.2602,-0.12,0.12,-3.0101,-3.5801,3.5801,0.3697,-0.1403,0.1403,0.2,-0.1403,0.1403,0.1301,-0.1079,0.1079,0.2098,-0.1101,0.1101,0.2288,-0.1115,0.1115
100,4,41,0.1033,0.1634,-0.1424,0.1424,0.1767,-0.1087,0.1087,0.1491,-0.1493,0.1493,0.2444,-0.1278,0.1278,0.3798,-0.176,0.176,0.336,-0.109,0.109,0.0993,-0.1439,0.1439,0.1554,-0.0989,0.0989,0.1994,-0.1152,0.1152,0.2302,-0.1247,0.1247
100,4,42,0.1097,0.3701,-0.1324,0.1324,0.1201,-0.1019,0.1019,0.25,-0.1398,0.1398,0.4728,-0.1172,0.1172,0.6491,-0.1878,0.1878,0.5158,-0.1311,0.1311,0.1981,-0.1356,0.1356,0.1413,-0.1342,0.1342,0.2389,-0.1222,0.1222,0.3478,-0.1136,0.1136
100,4,43,0.13,0.3599,-0.1351,0.1351,0.1298,-0.1101,0.1101,0.1803,-0.162,0.162,0.33,-0.1298,0.1298,0.4898,-0.232,0.232,0.4898,-0.1604,0.1604,0.2099,-0.1381,0.1381,0.1401,-0.12,0.12,0.228,-0.1322,0.1322,0.2871,-0.1248,0.1248
100,4,44,0.1262,0.2674,-0.1439,0.1439,0.1651,-0.1106,0.1106,0.1577,-0.1421,0.1421,0.2698,-0.1202,0.1202,0.5154,-0.2149,0.2149,0.4514,-0.1365,0.1365,0.1664,-0.13,0.13,0.1554,-0.117,0.117,0.2446,-0.12,0.12,0.2939,-0.1247,0.1247
100,4,45,0.146,0.2399,-0.145,0.145,0.1593,-0.1107,0.1107,0.1405,-0.1343,0.1343,0.2504,-0.1346,0.1346,0.5051,-0.1899,0.1899,0.433,-0.1274,0.1274,0.1236,-0.1434,0.1434,0.1656,-0.1131,0.1131,0.2337,-0.114,0.114,0.312,-0.1132,0.1132
100,4,46,0.1108,0.2354,-0.1532,0.1532,0.1472,-0.1024,0.1024,0.1439,-0.1397,0.1397,0.3076,-0.1202,0.1202,0.4803,-0.2168,0.2168,0.4918,-0.1301,0.1301,0.1569,-0.1531,0.1531,0.1233,-0.1201,0.1201,0.2202,-0.1239,0.1239,0.3297,-0.12,0.12
100,4,47,0.1126,0.3803,-0.1501,0.1501,0.1744,-0.0996,0.0996,0.0804,-0.1448,0.1448,0.2828,-0.1225,0.1225,0.7523,-0.18,0.18,0.4673,-0.1128,0.1128,0.1226,-0.1391,0.1391,0.1301,-0.11,0.11,0.23,-0.1102,0.1102,0.297,-0.1053,0.1053
100,4,48,0.1185,0.8504,-0.1272,0.1272,0.1427,-0.1044,0.1044,0.1269,-0.1274,0.1274,0.2374,-0.1404,0.1404,0.5201,-0.1599,0.1599,0.4628,0.0,0.0,0.0286,-0.1325,0.1325,0.1187,-0.1035,0.1035,0.2151,-0.1049,0.1049,0.3699,-0.119,0.119
100,4,49,0.1048,0.1699,-0.1403,0.1403,0.1735,-0.1168,0.1168,0.1439,-0.1359,0.1359,0.2528,-0.1212,0.1212,0.4201,-0.1751,0.1751,-3.0528,-3.507,3.507,3.5394,-0.143,0.143,0.106,-0.1019,0.1019,0.2056,-0.1061,0.1061,0.4661,-0.1104,0.1104
100,4,50,0.1037,0.2154,-0.1221,0.1221,0.1987,-0.1103,0.1103,0.1411,-0.1348,0.1348,0.259,-0.1136,0.1136,0.51,-0.1801,0.1801,0.39,-0.1202,0.1202,0.1302,-0.145,0.145,0.1348,-0.1054,0.1054,0.2151,-0.1051,0.1051,0.4239,-0.1114,0.1114
